[
  {
    "signatures": [
      {
        "signature": "sha256:320d57a3f919c1adf9b35127b9bae8e9e569e5b81cb7676da2ebd3b9937bad46",
        "filename": "NEIADDONS-1.12.11.36-MC1.7.10.jar"
      },
      {
        "signature": "sha256:d303cbea6cfd2ea12bffb0396031fb686cb04abbbf5733ce84786e8c40e790a2",
        "filename": "QUIVERMOB_1.7.10_B14.zip"
      },
      {
        "signature": "sha256:f4a1a30d96574492bfa96a43ddea92741f71cd62abb2f8db859cb895c51ce8dd",
        "filename": "PROJECTRED-1.7.10-4.6.2.82-INTEGRATION.jar"
      },
      {
        "signature": "sha256:9ccd59de718ed1026e378049e946202e6f8bf73a2d950246b0f23184182c4738",
        "filename": "MINETWEAKER3-1.7.10-3.0.9C.jar"
      },
      {
        "signature": "sha256:dea5913e44c0d6165ad745ba2f803cd38b2258c919e0902230d15e949df9c2b6",
        "filename": "CODECHICKENCORE-1.7.10-1.0.7.46-UNIVERSAL.jar"
      },
      {
        "signature": "sha256:607e6a86c80d4ac10a0666334c3e4e11d0227f27422c638906228ae92b228f44",
        "filename": "INDUSTRIALCRAFT-2-2.2.736-EXPERIMENTAL-API.jar"
      },
      {
        "signature": "sha256:b88ee66877ce812eb0c5b26128214885cb593bdaa9e591225192fa2dff7a5e01",
        "filename": "JABBA-1.2.1_1.7.10.jar"
      },
      {
        "signature": "sha256:602fda4dcbaddbb77001db8be5f60ca8ba26abd165f5cacef549379905dfb131",
        "filename": "EXTRAUTILITIES-1.2.6.jar"
      },
      {
        "signature": "sha256:2aa5056be0b799e7efd5e9af1d8b7a8976eb65f88f47e8e355f90e3fdc6c25dc",
        "filename": "GANYS SURFACE-1.11.1.jar"
      },
      {
        "signature": "sha256:c0dafe3ac28f31265c02b6975b8f31f6981c42902cd8d7eb32b5414012027dbe",
        "filename": "STEVESFACTORYMANAGERA93.jar"
      },
      {
        "signature": "sha256:997747c91a691f143ac7a6ccf978eb07ffc4f8a9c4b42c8bec9d363506006cd4",
        "filename": "EUREKA-1.7.10-3.0.2.jar"
      },
      {
        "signature": "sha256:388e44ae199bd3efb39ed23578f45d00c1e5b490c7ca8d7bc5234671328a5cb5",
        "filename": "ENDERZOO-1.7.10-1.0.11.28.jar"
      },
      {
        "signature": "sha256:afe3c76e25ceda755119008397aa306140f405f293bcefe46c3b11b8aa9df7da",
        "filename": "GENDUSTRY-1.5.2.107-MC1.7.10.jar"
      },
      {
        "signature": "sha256:7ff60007d564c1ca3b6c35186e7c877766c928b0ea6049f2a984fc652a60ad79",
        "filename": "LOGISTICSPIPES-0.9.1.15.jar"
      },
      {
        "signature": "sha256:f44ba00f9ab5f399a534784b054d42228812fa48d413314cdc3680c642c9f16b",
        "filename": "ENDERSTORAGE-1.7.10-1.4.7.36-UNIVERSAL.jar"
      },
      {
        "signature": "sha256:bfb3d413e67222c146a82e0e53a96024424c50a543655bbe0e4395a16046b4ff",
        "filename": "BIBLIOWOODS[NATURA][V1.5].jar"
      },
      {
        "signature": "sha256:bc4108a85e784347be9b53c6b5478f67d50b0af40634a2adcacef5200c8d0316",
        "filename": "BUILDCRAFTADDITIONS-1.7.10-2.2.0.jar"
      },
      {
        "signature": "sha256:527e39b2b9ff5351cb17635bd1d0bfce0527fe0828b6074b8d680e73d87c6fbd",
        "filename": "WR-CBE-1.7.10-1.4.1.9-UNIVERSAL.jar"
      },
      {
        "signature": "sha256:4a0d192a34e7ef3e7af039f64dc6426bd0a5a343aae4dd1107b2043a616a77f7",
        "filename": "CodeChickenLib-1.7.10-1.1.3.138-universal.jar"
      },
      {
        "signature": "sha256:c5f93519168f95e78bceaafbc8cd5a9a083e0d70d5ece07289f32941a6295017",
        "filename": "NATURA-1.7.10-2.2.0.1.jar"
      },
      {
        "signature": "sha256:fb60014874e9ba1885b491ae1302bb7f33be8450231e712883e90ad095930c8a",
        "filename": "SIMPLYJETPACKS-MC1.7.10-1.4.1.jar"
      },
      {
        "signature": "sha256:df57b97fa11c83ce8432128a507d8f62f52a536e51bd4d80c179f7cc39fb3e00",
        "filename": "GENERATORS-0.9.17.102-MC1.7.10.jar"
      },
      {
        "signature": "sha256:353ab1156cb34e08329624ae98ae19e31315558a0e28e9b5d2f520c70a8a799d",
        "filename": "IVTOOLKIT-1.2.jar"
      },
      {
        "signature": "sha256:c5e7c29bd9bec8f606ba6fa224ef0285e3c6fa24770c0b5116e15086cac0eef3",
        "filename": "MANTLE-1.7.10-0.3.2.jar"
      },
      {
        "signature": "sha256:d2f64675b7946b70ec68ccb4ef8c9632f10f000c59d3f8197ef38078372ef610",
        "filename": "THAUMICENERGISTICS-0.8.10.7.jar"
      },
      {
        "signature": "sha256:29e0acdd5e41686acc53df88454311c6fed845fb188ca2cb10ee8ed7bda2196d",
        "filename": "FLUXED-CRYSTALS2-1.0.1.jar"
      },
      {
        "signature": "sha256:e8230c7633cfdf71155b3c1b1cb73fa34cc600d3465f33dd3642faf11ee8fa63",
        "filename": "TTCORE-MC1.7.10-0.1.1-78.jar"
      },
      {
        "signature": "sha256:3b718ba0e5faaa786329498c3ddd1f31a39d40916c4917291e6acfd58167182e",
        "filename": "APPLECORE-MC1.7.10-1.1.0.jar"
      },
      {
        "signature": "sha256:15db6e1da3e8253106893e6ecfe623052ad571bedc0fb43ea4232c0b84862e96",
        "filename": "MODTWEAKER-2-0.8.3.jar"
      },
      {
        "signature": "sha256:403c0e529a8cc9863ca02c34cdf20f7661e3d0cf4a09eafcaf5e9ef8ab9d268f",
        "filename": "MORECHISELS-1.7.10-1.0-20.jar"
      },
      {
        "signature": "sha256:f962fd4d2f69cc2ef25db10f2e62ab65dfc8bb29d01e660db8a284a3ec8fc2be",
        "filename": "PROJECTRED-1.7.10-4.6.2.82-MECHANICAL_BETA.jar"
      },
      {
        "signature": "sha256:60e7a736d44e1e7700a24fbb830cbdb3c860ca3c2c714c8d8f461c1bb353d38a",
        "filename": "TRANSLOCATOR-1.7.10-1.1.2.15-UNIVERSAL.jar"
      },
      {
        "signature": "sha256:0d5c679e23e9304355cbe7e3ababe0f8140c7f7d8fd2a29e45b985b9aac590e4",
        "filename": "APPLIEDENERGISTICS2-RV2-STABLE-10.jar"
      },
      {
        "signature": "sha256:ad1fe73af6d68ae2b73923e5251cd1faf8bfe49c5a659050a631954488e136e2",
        "filename": "IRIDIUM MOD-1.0.2.jar"
      },
      {
        "signature": "sha256:5fca136503f86ecc6cb61fbd17b137d59e56b45c7a5494e6b8fd3cabd4697fbd",
        "filename": "commons-compress-1.8.1.jar"
      },
      {
        "signature": "sha256:ca3996fc81d210370754c1581b06bbbee8401e457843558126863833a1497afc",
        "filename": "JAVA7CHECKER  MC-1.7.10  V1.1.jar"
      },
      {
        "signature": "sha256:836881f08ab290431f5da7521e2ded9f239eb826f06439760de5e5082cc75625",
        "filename": "COFHLIB-[1.7.10]1.0.3-175.jar"
      },
      {
        "signature": "sha256:1953fd13a91e0cb874e9f8ecfc2b6d93699e89d28de50f70a0501d2e45d001b0",
        "filename": "MAGICBEES-1.7.10-2.3.2.jar"
      },
      {
        "signature": "sha256:22623bf462deb3f4da165db5043eeaf2fb0316a7a999eb1a4689bc1120305d0a",
        "filename": "REDSTONEARSENAL-[1.7.10]1.1.1-89.jar"
      },
      {
        "signature": "sha256:e484ba7030e41d148db39ad4889cca66c30addbcd0a51c20dab94518e687747a",
        "filename": "DIMENSIONAL-ANCHOR-59.0.3.jar"
      },
      {
        "signature": "sha256:a300fcf2c43ab26eb1eb380a13efdcc6c1c46f0a502da219a4b58337df52ef7b",
        "filename": "IRONCHEST-1.7.10-6.0.62.742-UNIVERSAL.jar"
      },
      {
        "signature": "sha256:7d4c681ab3b2d5398eb92e63c2a4cb32113ef8fb8ed1e4ee0a30573f027c98c4",
        "filename": "REDSTONEARMORY-1.7.10-1.1-22-UNIVERSAL.jar"
      },
      {
        "signature": "sha256:b8ef3cec785d5221af9a9234dc42971bac70b6050ca44446a0b915a1851b4953",
        "filename": "TMECHWORKS-1.7.10-0.2.14.100.jar"
      },
      {
        "signature": "sha256:2ff1912a347792e0be47c7c84aafa687fda78edcdec897c820255c1b5e8baf1f",
        "filename": "EXTRACELLS-1.7.10-2.2.73B129.jar"
      },
      {
        "signature": "sha256:4a0d192a34e7ef3e7af039f64dc6426bd0a5a343aae4dd1107b2043a616a77f7",
        "filename": "CodeChickenLib-1.7.10-1.1.3.138-universal.jar"
      },
      {
        "signature": "sha256:7e5fe8e9666ed04c74fde3ed98633a4230aa3720a49634787a8f52a00f1bb34c",
        "filename": "CHISEL2-2.3.10.37.jar"
      },
      {
        "signature": "sha256:f199d59b45b07420216657f8f8ef7866e40511b013a73c2290657e82767e8a86",
        "filename": "STEVESADDONS-1.7.10-0.10.13.jar"
      },
      {
        "signature": "sha256:231a8fbffba0980af44471dd8801190375462e2d5a4331a071ba7b823810147d",
        "filename": "INPURECORE-[1.7.10]1.0.0B9-62.jar"
      },
      {
        "signature": "sha256:4bf193e3b9a91bceef65e82f6a27ee5c050d29552ef7e1606f222a79571fc44e",
        "filename": "CHICKENCHUNKS-1.7.10-1.3.4.19-UNIVERSAL.jar"
      },
      {
        "signature": "sha256:408b5c874c77f84d920ea9d8b2a1b1c21766c43ad1eccfe3413973701e1014a4",
        "filename": "GANYS NETHER-1.8.0.jar"
      },
      {
        "signature": "sha256:44423d7c43bde9274e1dbc1b00d6bd14ec7cb2572326eeefa9c6dd6fab47930b",
        "filename": "WAILA-1.5.10_1.7.10.jar"
      },
      {
        "signature": "sha256:318e569d097d17bdd8fdfda71de2e1ccd6ab55b7a8bf52d7ad853bb9fd832bfb",
        "filename": "EXTRATIC-1.7.10-1.4.5.jar"
      },
      {
        "signature": "sha256:8fd87a78cfc7009de8437d67405dece9f25003974c30c0a9eeac2b0b1594b01e",
        "filename": "MEKANISMGENERATORS-1.7.10-8.1.7.252.jar"
      },
      {
        "signature": "sha256:09a5dae689d48fde66cae9108250fde903b42a6699a03ebf19dd462357fd812b",
        "filename": "COFHCORE-[1.7.10]3.0.3-303.jar"
      },
      {
        "signature": "sha256:d8f1fed3fc441c20d5fe50dbdf7f7797d1a8e284c9ad3ddcdd9df17afe526305",
        "filename": "IMMERSIVEENGINEERING-0.5.2.jar"
      },
      {
        "signature": "sha256:05ae8f11b8f9012ebebbf179227b010829739c6284e30da5dd3db220ee682f8a",
        "filename": "Baubles-1.7.10-1.0.1.10.jar"
      },
      {
        "signature": "sha256:41f632c7e7df3ef6345cfebf6ea5a654738c975ffc602424a63ae821d9e467f6",
        "filename": "MEKANISMTOOLS-1.7.10-8.1.7.252.jar"
      },
      {
        "signature": "sha256:89f9c75983ee64142215a5dff1c459e75215e3d72696be2bca3f0a53aa9e43f6",
        "filename": "AE2STUFF-0.4.3.47-MC1.7.10.jar"
      },
      {
        "signature": "sha256:771df443516a2356c15c8131a15530298d56fe758a549b0d5ba043230b97c27b",
        "filename": "BIGREACTORS-0.4.3A.jar"
      },
      {
        "signature": "sha256:c00fa1f72440f8ec8f893790f64c9cd1e93dd5f09672f19b5dc8fcfdbfbeab20",
        "filename": "BIBLIOWOODS[FORESTRY][V1.7].jar"
      },
      {
        "signature": "sha256:ea78fbc26bc2ae6114b8045c3bc34a389e51a7add3433b47abbc25301a5adffd",
        "filename": "ENDERIO-1.7.10-2.2.8.381.jar"
      },
      {
        "signature": "sha256:caeea37365bca587a643a738ee4e99b708c8ac8cb56a3a5eca622b6bbcd12ff5",
        "filename": "THERMALFOUNDATION-[1.7.10]1.2.0-102.jar"
      },
      {
        "signature": "sha256:d0bd6d33ce24948e17ee95b0b29edef174f8aa254725ce80576cb1ee77c988c1",
        "filename": "DRACONIC-EVOLUTION-1.7.10-1.0.1C.jar"
      },
      {
        "signature": "sha256:e4a3dd27370920b2be108ba7a18efe720a521d4956abb34a8ebf74958ff25f55",
        "filename": "LUNATRIUSCORE-1.7.10-1.1.2.21-UNIVERSAL.jar"
      },
      {
        "signature": "sha256:c4d8a4b783dbbc661e75d5788c74a5cba5e6fbe9aa3bb3ed5ca8471bfb0c34be",
        "filename": "FLOODLIGHTS-1.7.10-0.4.3-62.jar"
      },
      {
        "signature": "sha256:586dfca66e880638b75a92634c51db55dfd65cccd5bd49c4e33c55755320cf66",
        "filename": "STEVESWORKSHOP-0.5.1.jar"
      },
      {
        "signature": "sha256:98cf79cd4e4f3fb6bd86253c593313a4279033a71a42ac3fd3be8dfd16bfbe61",
        "filename": "GRIMOIREOFGAIA3-1.7.10-1.1.1.jar"
      },
      {
        "signature": "sha256:1a2114a79622e1e05fecefa16b8b68636108550726bd3b762098a0a64bc30fbf",
        "filename": "SSR-RC3.jar"
      },
      {
        "signature": "sha256:86e15c88e8f6f8fa0be278f3c6d13cbdd0a1bb4270b21d06c4362a53f78a6612",
        "filename": "BIBLIOCRAFT[V1.10.4][MC1.7.10].jar"
      },
      {
        "signature": "sha256:7bdf5210ae0f2fa3536bc5c04bb510238946c2a7f2b8a2c2d18d2271056393eb",
        "filename": "OPENBLOCKS-1.7.10-1.4.3.jar"
      },
      {
        "signature": "sha256:12baf596bc10875c74ab16a18fa3b43d3de3937be4381b2a2b433daa5c61ea34",
        "filename": "TECHNOMANCY - 0.11.1 - 1.7.10.jar"
      },
      {
        "signature": "sha256:e1ed114a61c4581b050f8db9932aa14bac4ac322994be51015ebc8e4cad66287",
        "filename": "DENSEORES-1.6.2.jar"
      },
      {
        "signature": "sha256:a784f0b63c62ff219a4a1346e7952ab35224d41ddb24b8994e2867aff6a953de",
        "filename": "PROJECTRED-1.7.10-4.6.2.82-WORLD.jar"
      },
      {
        "signature": "sha256:c60aa318787341b4bcebc8c4f97c340bed0285955f1183fc1749fd70235f771b",
        "filename": "RANDOMTHINGS-2.2.4.jar"
      },
      {
        "signature": "sha256:c109afd4d6c1abf1b28a9330330600663df5510faece89143289667b62421888",
        "filename": "CRAFTHERALDRY 1.1.3.jar"
      },
      {
        "signature": "sha256:b5a8e295c5c93b730cf58576359a7d0541bf36e2487c9270377d4d20c4dcdc9d",
        "filename": "BLOODMAGIC-1.7.10-1.3.3-11.jar"
      },
      {
        "signature": "sha256:5a9b9b9a7cd86388c74ff166b562dd02eadc93d130d603668e8b3b8d9c95456d",
        "filename": "AUTOMAGY-1.7.10-0.25.jar"
      },
      {
        "signature": "sha256:a018ff75e62723d4550177944e5dda61bf2f7753e956258616f011372ccb5e8e",
        "filename": "GANYS END-1.10.0.jar"
      },
      {
        "signature": "sha256:2ce08ca8ba2a3aa059bf2daf1ef066ce051bc313edd9834a9a09df105fdf826b",
        "filename": "COMPUTERCRAFT1.74.jar"
      },
      {
        "signature": "sha256:699cc5740e31bf67b0ed12a840f7687c02e0a41cb1928c172343690107e72d31",
        "filename": "OPENMODSLIB-1.7.10-0.7.3.jar"
      },
      {
        "signature": "sha256:3dba9786966974701578a658d1bb369bf35bdf5f363079f5ac9c4910a39113be",
        "filename": "THAUMCRAFT-1.7.10-4.2.3.5.jar"
      },
      {
        "signature": "sha256:b6624501fa4d9de0d08ed0ed9df5e0fda9f97f360c3326880047cad5e6f4ba1f",
        "filename": "OPENEYE-0.6-1.7.10-SNAPSHOT-141.jar"
      },
      {
        "signature": "sha256:6cb58fc8ee741bef6c8238d77779565778aa031eba65089f5da3ea585a2548de",
        "filename": "BOTANIA R1.6-193.jar"
      },
      {
        "signature": "sha256:a59a4003f162c10058206f0fd5ec05e4d1030e8fbda230f6f0b42db703c16371",
        "filename": "STEVESCARTS2.0.0.B18.jar"
      },
      {
        "signature": "sha256:87bde2c07ddf631cc14c513cccd83ff746f2ac44e241e821407819d6eb34aef5",
        "filename": "CARPENTERS BLOCKS V3.3.6 - MC 1.7.10.jar"
      },
      {
        "signature": "sha256:ac6d9e7b6d4f8a48eaff7d896c48b817ec4969754c9f50f96ea652cc963a5376",
        "filename": "ASIETWEAKS-1.7.10-0.0.2.jar"
      },
      {
        "signature": "sha256:5d966e63b24443c7b2434f4928391e459045039819f427626265ea2340792e18",
        "filename": "MrTJPCore-1.0.8.16-universal.jar"
      },
      {
        "signature": "sha256:5c4ffac359914caba00f276b9fa5f0972b8f7a5562d924f49d8128e884d3d748",
        "filename": "FOSSILS_ARCHEOLOGY_REVIVAL-1.7.10_BUILD-7.2.jar"
      },
      {
        "signature": "sha256:5f9e53894206f96568decbf765c5f966471a18867721690729b3fb0796791d15",
        "filename": "NOTENOUGHITEMS-1.7.10-1.0.5.111-UNIVERSAL.jar"
      },
      {
        "signature": "sha256:cf3a13fbd189f78048d7362671fb2cb54114d9f84ce248e12596141df4574688",
        "filename": "CHISELFACADES-1.7.10-2.11-CRICKET.jar"
      },
      {
        "signature": "sha256:b1c1aa43fc8347d2ec54366078a07674aef9df43e897f42ebced5af534924eb9",
        "filename": "CHISELTONES-1.7.10-1.0-1.jar"
      },
      {
        "signature": "sha256:2a748b8184aa5488ebaaa18dfd8ad5b1c7b977dc7642c4ced303c0b86718c4cb",
        "filename": "ROUTERREBORN-1.7.10-1.2.0.24-UNIVERSAL.jar"
      },
      {
        "signature": "sha256:1658132c8cefecd2fde6bb8593e6e4827f34a2c5b2f4dc75fbe15ce81a035ff7",
        "filename": "RECURRENTCOMPLEX-0.9.6.2.jar"
      },
      {
        "signature": "sha256:4ced21c225ce29b197864f2aaa0df27ec24a3f0e8baabe5b41ebae4d06841085",
        "filename": "FUNKY-LOCOMOTION-1.7.10-BETA-5C.jar"
      },
      {
        "signature": "sha256:7ab4cd2e54d0f2a31e444fcb2405d29f23abaa7a6f4a24aad72e44fad3db2330",
        "filename": "NEIINTEGRATION-MC1.7.10-1.0.12.jar"
      },
      {
        "signature": "sha256:d9531a52ee8c926da3dba2380de068a91c227f23e527d022eba46eb4a175b3e2",
        "filename": "TCONSTRUCT-1.7.10-1.8.5.jar"
      },
      {
        "signature": "sha256:56d83821f7733f17b966024b8ce1e2dff652e5f40f170cbb83e8989ea0827d37",
        "filename": "WAILAHARVESTABILITY-MC1.7.X-1.1.2.jar"
      },
      {
        "signature": "sha256:8364675efeeb707fba91429051d362deff7da754b6774ad0a39bc66819d1a2b5",
        "filename": "ENHANCEDPORTALS_1.7.10-UNIVERSAL-3.0.12.jar"
      },
      {
        "signature": "sha256:fc35dc5886da434e11be07d923baa16741bc0d7ea0d81fb9989aa8ea96fd0143",
        "filename": "BACKPACK-2.0.1-1.7.X.jar"
      },
      {
        "signature": "sha256:b3770ec1f65b975d2fc32e52e3fac6d0f8f4e505130d8050ce32b1b585c49050",
        "filename": "FORBIDDEN MAGIC-1.7.10-0.57.jar"
      },
      {
        "signature": "sha256:2e113a2f0f9e4b54eb68660951e7cfafe261130d3650f847cb9972cbd5db4ad3",
        "filename": "ENDERCOMPASS-1.7.10-1.1.jar"
      },
      {
        "signature": "sha256:ec43582b61083b81e047a4e1c2f709a2a75f0fd4b9d75305eb26991531dd046d",
        "filename": "LibSandstone-1.0.0.jar"
      },
      {
        "signature": "sha256:a985c0712e195bef958d94fb74e3f5132398caa46a1b727faeda9baad6ab8784",
        "filename": "TWILIGHTFOREST-1.7.10-2.3.7.jar"
      },
      {
        "signature": "sha256:af168f67ea58a05664a43104bca81bd57ee8c7a0f292ebe14cd310c469bbfd15",
        "filename": "ENCHIRIDION 2-1.7.10-2.0.2A.jar"
      },
      {
        "signature": "sha256:83aa955056ac7ec1af60362e60b95e110f51af03cb0fcf69c24db8f1c4ea0098",
        "filename": "WAWLA-1.3.0-1.7.10.jar"
      },
      {
        "signature": "sha256:c023c00cd531887b45c8d2650559159510a192fc0f016f769b1cc492d8c47810",
        "filename": "[1.7.10]bspkrsCore-universal-6.16.jar"
      },
      {
        "signature": "sha256:ac28be6eb7fe46d7918961ebdece8129922e16619a558a5bd08b19ffed03263e",
        "filename": "BINNIE-MODS-2.0-PRE12.jar"
      },
      {
        "signature": "sha256:d0359053d4f8299509889d6b3632b06bdc11251b93af8aa4385b08f435316439",
        "filename": "GUIDE-API-1.7.10-1.0.1-20.jar"
      },
      {
        "signature": "sha256:68c331f624cea6c0827a31e96a6dce2e75461227c42da70f11ba765a8c6a8cec",
        "filename": "WITCHERY-1.7.10-0.24.1.jar"
      },
      {
        "signature": "sha256:5009040bd323788188ba4d9e4fee6cc69c636588a4142c6844b55a5717c883c0",
        "filename": "FORESTRY_1.7.10-3.6.3.20.jar"
      },
      {
        "signature": "sha256:bf3819993e52cd1e84a23ace559ea2dea8a245e12ea3404d48163ce72d523495",
        "filename": "AOBD-2.8.1.jar"
      },
      {
        "signature": "sha256:3ff4e08f841f86bac63562c05d99ebfdb752b6b17a6d6b759e5c3b115e123565",
        "filename": "IMMIBIS-CORE-59.1.0.jar"
      },
      {
        "signature": "sha256:f928a38f2ae75f9897ab94afc6d45641a00633722a1696ca8c43b1720d23455c",
        "filename": "forge-1.7.10-10.13.4.1448-1.7.10-universal.jar"
      },
      {
        "signature": "sha256:b0bd32bc1c5e0d6231384991b67948b535895bbb6bfd2c2b81cd98a4712db180",
        "filename": "THERMALDYNAMICS-[1.7.10]1.1.0-161.jar"
      },
      {
        "signature": "sha256:15c627666daa32bcaacc02b1c4d00b73967d7e1050c46f5971f78096397810b0",
        "filename": "MEKANISM-1.7.10-8.1.7.252.jar"
      },
      {
        "signature": "sha256:ad2c91b42dd41bfbe567b21d95d3856ba4fcbaf396ba7595c46452abba24a77e",
        "filename": "BUILDCRAFT-COMPAT-7.0.11.jar"
      },
      {
        "signature": "sha256:9253a026ff524e285b3ae54a5cec0e3394bf81ee5a8bc3c5d5994abff7447a8b",
        "filename": "PROJECTRED-1.7.10-4.6.2.82-LIGHTING.jar"
      },
      {
        "signature": "sha256:a8e36f2c432d5ea288cbdfc9b8e55174080f0c9778bdd761b40527ad3431a03e",
        "filename": "REFINEDRELOCATION-1.7.10-1.0.8B.jar"
      },
      {
        "signature": "sha256:ad19d2601c3abf0b946b5c3a4113e226a8c1e3305e395b90013b78dd94a723ce",
        "filename": "commons-codec-1.9.jar"
      },
      {
        "signature": "sha256:883be1cc01c81af7f5d5a9cf121bba22cf58a0c8e4fb9285b7d4a1daf8b9eda6",
        "filename": "QUIVERBOW_1.7.10_B100.zip"
      },
      {
        "signature": "sha256:b35be2cd913b5e064ec955356cf999a0db27176cc86d33dc7237ff825635d125",
        "filename": "PAMS HARVESTCRAFT 1.7.10I.jar"
      },
      {
        "signature": "sha256:3b9cf1b84975378286371a513d6e72afa5e027cb9147fcedee9adc8558d813b2",
        "filename": "THAUMICTINKERER-2.5-1.7.10-507.jar"
      },
      {
        "signature": "sha256:c06bbaea9a6293e22098cbdbad7abaf1fc23baf3b6d0edd4926cdc7887e7dbf6",
        "filename": "BUILDCRAFT-7.0.21.jar"
      },
      {
        "signature": "sha256:9feb590b4c1295a0e38b4e9945cc041a8d19d064405a133f92afe79ff0997ee3",
        "filename": "COMPUTRONICS-1.7.10-1.5.5.jar"
      },
      {
        "signature": "sha256:29238b762336e5f6235b904ce1506e0255d4ce8e7c42b1e744b6e3f3e7408e4e",
        "filename": "ASIELIB-1.7.10-0.4.2.jar"
      },
      {
        "signature": "sha256:b8e02b860c86cce3b4efac4c447a3bb99eb2f3f16f4f0b5ec4dcd1fbd5e3c83f",
        "filename": "ForgeMultipart-1.7.10-1.2.0.344-universal.jar"
      },
      {
        "signature": "sha256:1b4aed5d119e43bc4ea773c7a96c9b962c5aacbcb0912fb2437672cc33ed9633",
        "filename": "THERMALSMELTERY-1.7.10-1.2.1.jar"
      },
      {
        "signature": "sha256:fde478b87e5710a430b6e0bf03398a2c4b2a07319eab6164096eaa7a4c09665d",
        "filename": "PROJECTRED-1.7.10-4.6.2.82-COMPAT.jar"
      },
      {
        "signature": "sha256:58ab46d5652dcbb9a916d44fb6f531b06d5e2fb5dfe5892429f87e56b3e7f807",
        "filename": "THERMALEXPANSION-[1.7.10]4.0.3B1-218.jar"
      },
      {
        "signature": "sha256:6badba74bb358a82fac5ec2aefc736ac53ac3391932f5c42874c53d39948601d",
        "filename": "NETHERORES-[1.7.10]2.3.0-12.jar"
      },
      {
        "signature": "sha256:9e98c36568af92dbb388dfec2b36b3f0d76cb1dc284a6bbe06e98b89204b96f4",
        "filename": "ZTONES-1.7.10-2.2.1.jar"
      },
      {
        "signature": "sha256:8e8465c635b26bc293c7cd324be5ba7a097625739d8a7db587101bb35a0ae3be",
        "filename": "BDLIB-1.9.1.97-MC1.7.10.jar"
      },
      {
        "signature": "sha256:2fcebe2c2d8e7960c8b216b3db8591109486b45b65d846903d5ee7c9796a8152",
        "filename": "PROJECTRED-1.7.10-4.6.2.82-BASE.jar"
      },
      {
        "signature": "sha256:50b9df8c41ce1298446cadf0fc2492b58f4ffde251285a167d788ca6826fba0c",
        "filename": "MINEFACTORYRELOADED-[1.7.10]2.8.0-104.jar"
      },
      {
        "signature": "sha256:bc2958857276efc083b7e118856dba8819de6377926eb13506699f043fbdb26e",
        "filename": "WAILAPLUGINS-MC1.7.10-0.0.1-15.jar"
      }
    ],
    "addedSignatures": [
      "sha256:22623bf462deb3f4da165db5043eeaf2fb0316a7a999eb1a4689bc1120305d0a",
      "sha256:98cf79cd4e4f3fb6bd86253c593313a4279033a71a42ac3fd3be8dfd16bfbe61",
      "sha256:318e569d097d17bdd8fdfda71de2e1ccd6ab55b7a8bf52d7ad853bb9fd832bfb",
      "sha256:7ab4cd2e54d0f2a31e444fcb2405d29f23abaa7a6f4a24aad72e44fad3db2330",
      "sha256:527e39b2b9ff5351cb17635bd1d0bfce0527fe0828b6074b8d680e73d87c6fbd",
      "sha256:b8e02b860c86cce3b4efac4c447a3bb99eb2f3f16f4f0b5ec4dcd1fbd5e3c83f",
      "sha256:2a748b8184aa5488ebaaa18dfd8ad5b1c7b977dc7642c4ced303c0b86718c4cb",
      "sha256:602fda4dcbaddbb77001db8be5f60ca8ba26abd165f5cacef549379905dfb131",
      "sha256:403c0e529a8cc9863ca02c34cdf20f7661e3d0cf4a09eafcaf5e9ef8ab9d268f",
      "sha256:ad19d2601c3abf0b946b5c3a4113e226a8c1e3305e395b90013b78dd94a723ce",
      "sha256:c4d8a4b783dbbc661e75d5788c74a5cba5e6fbe9aa3bb3ed5ca8471bfb0c34be",
      "sha256:c0dafe3ac28f31265c02b6975b8f31f6981c42902cd8d7eb32b5414012027dbe",
      "sha256:997747c91a691f143ac7a6ccf978eb07ffc4f8a9c4b42c8bec9d363506006cd4",
      "sha256:dea5913e44c0d6165ad745ba2f803cd38b2258c919e0902230d15e949df9c2b6",
      "sha256:0d5c679e23e9304355cbe7e3ababe0f8140c7f7d8fd2a29e45b985b9aac590e4",
      "sha256:29238b762336e5f6235b904ce1506e0255d4ce8e7c42b1e744b6e3f3e7408e4e",
      "sha256:231a8fbffba0980af44471dd8801190375462e2d5a4331a071ba7b823810147d",
      "sha256:bfb3d413e67222c146a82e0e53a96024424c50a543655bbe0e4395a16046b4ff",
      "sha256:b0bd32bc1c5e0d6231384991b67948b535895bbb6bfd2c2b81cd98a4712db180",
      "sha256:c5f93519168f95e78bceaafbc8cd5a9a083e0d70d5ece07289f32941a6295017",
      "sha256:f199d59b45b07420216657f8f8ef7866e40511b013a73c2290657e82767e8a86",
      "sha256:2ce08ca8ba2a3aa059bf2daf1ef066ce051bc313edd9834a9a09df105fdf826b",
      "sha256:ac6d9e7b6d4f8a48eaff7d896c48b817ec4969754c9f50f96ea652cc963a5376",
      "sha256:5d966e63b24443c7b2434f4928391e459045039819f427626265ea2340792e18",
      "sha256:fde478b87e5710a430b6e0bf03398a2c4b2a07319eab6164096eaa7a4c09665d",
      "sha256:cf3a13fbd189f78048d7362671fb2cb54114d9f84ce248e12596141df4574688",
      "sha256:c60aa318787341b4bcebc8c4f97c340bed0285955f1183fc1749fd70235f771b",
      "sha256:ea78fbc26bc2ae6114b8045c3bc34a389e51a7add3433b47abbc25301a5adffd",
      "sha256:15db6e1da3e8253106893e6ecfe623052ad571bedc0fb43ea4232c0b84862e96",
      "sha256:7e5fe8e9666ed04c74fde3ed98633a4230aa3720a49634787a8f52a00f1bb34c",
      "sha256:d0bd6d33ce24948e17ee95b0b29edef174f8aa254725ce80576cb1ee77c988c1",
      "sha256:4bf193e3b9a91bceef65e82f6a27ee5c050d29552ef7e1606f222a79571fc44e",
      "sha256:3ff4e08f841f86bac63562c05d99ebfdb752b6b17a6d6b759e5c3b115e123565",
      "sha256:d8f1fed3fc441c20d5fe50dbdf7f7797d1a8e284c9ad3ddcdd9df17afe526305",
      "sha256:699cc5740e31bf67b0ed12a840f7687c02e0a41cb1928c172343690107e72d31",
      "sha256:c023c00cd531887b45c8d2650559159510a192fc0f016f769b1cc492d8c47810",
      "sha256:6badba74bb358a82fac5ec2aefc736ac53ac3391932f5c42874c53d39948601d",
      "sha256:f4a1a30d96574492bfa96a43ddea92741f71cd62abb2f8db859cb895c51ce8dd",
      "sha256:8364675efeeb707fba91429051d362deff7da754b6774ad0a39bc66819d1a2b5",
      "sha256:50b9df8c41ce1298446cadf0fc2492b58f4ffde251285a167d788ca6826fba0c",
      "sha256:1953fd13a91e0cb874e9f8ecfc2b6d93699e89d28de50f70a0501d2e45d001b0",
      "sha256:ec43582b61083b81e047a4e1c2f709a2a75f0fd4b9d75305eb26991531dd046d",
      "sha256:29e0acdd5e41686acc53df88454311c6fed845fb188ca2cb10ee8ed7bda2196d",
      "sha256:e1ed114a61c4581b050f8db9932aa14bac4ac322994be51015ebc8e4cad66287",
      "sha256:586dfca66e880638b75a92634c51db55dfd65cccd5bd49c4e33c55755320cf66",
      "sha256:9253a026ff524e285b3ae54a5cec0e3394bf81ee5a8bc3c5d5994abff7447a8b",
      "sha256:5009040bd323788188ba4d9e4fee6cc69c636588a4142c6844b55a5717c883c0",
      "sha256:caeea37365bca587a643a738ee4e99b708c8ac8cb56a3a5eca622b6bbcd12ff5",
      "sha256:5c4ffac359914caba00f276b9fa5f0972b8f7a5562d924f49d8128e884d3d748",
      "sha256:e4a3dd27370920b2be108ba7a18efe720a521d4956abb34a8ebf74958ff25f55",
      "sha256:388e44ae199bd3efb39ed23578f45d00c1e5b490c7ca8d7bc5234671328a5cb5",
      "sha256:1b4aed5d119e43bc4ea773c7a96c9b962c5aacbcb0912fb2437672cc33ed9633",
      "sha256:09a5dae689d48fde66cae9108250fde903b42a6699a03ebf19dd462357fd812b",
      "sha256:4a0d192a34e7ef3e7af039f64dc6426bd0a5a343aae4dd1107b2043a616a77f7",
      "sha256:f44ba00f9ab5f399a534784b054d42228812fa48d413314cdc3680c642c9f16b",
      "sha256:12baf596bc10875c74ab16a18fa3b43d3de3937be4381b2a2b433daa5c61ea34",
      "sha256:bc2958857276efc083b7e118856dba8819de6377926eb13506699f043fbdb26e",
      "sha256:c00fa1f72440f8ec8f893790f64c9cd1e93dd5f09672f19b5dc8fcfdbfbeab20",
      "sha256:a985c0712e195bef958d94fb74e3f5132398caa46a1b727faeda9baad6ab8784",
      "sha256:df57b97fa11c83ce8432128a507d8f62f52a536e51bd4d80c179f7cc39fb3e00",
      "sha256:d2f64675b7946b70ec68ccb4ef8c9632f10f000c59d3f8197ef38078372ef610",
      "sha256:bf3819993e52cd1e84a23ace559ea2dea8a245e12ea3404d48163ce72d523495",
      "sha256:3b9cf1b84975378286371a513d6e72afa5e027cb9147fcedee9adc8558d813b2",
      "sha256:b5a8e295c5c93b730cf58576359a7d0541bf36e2487c9270377d4d20c4dcdc9d",
      "sha256:a300fcf2c43ab26eb1eb380a13efdcc6c1c46f0a502da219a4b58337df52ef7b",
      "sha256:7ff60007d564c1ca3b6c35186e7c877766c928b0ea6049f2a984fc652a60ad79",
      "sha256:7bdf5210ae0f2fa3536bc5c04bb510238946c2a7f2b8a2c2d18d2271056393eb",
      "sha256:353ab1156cb34e08329624ae98ae19e31315558a0e28e9b5d2f520c70a8a799d",
      "sha256:1658132c8cefecd2fde6bb8593e6e4827f34a2c5b2f4dc75fbe15ce81a035ff7",
      "sha256:68c331f624cea6c0827a31e96a6dce2e75461227c42da70f11ba765a8c6a8cec",
      "sha256:87bde2c07ddf631cc14c513cccd83ff746f2ac44e241e821407819d6eb34aef5",
      "sha256:408b5c874c77f84d920ea9d8b2a1b1c21766c43ad1eccfe3413973701e1014a4",
      "sha256:b3770ec1f65b975d2fc32e52e3fac6d0f8f4e505130d8050ce32b1b585c49050",
      "sha256:c5e7c29bd9bec8f606ba6fa224ef0285e3c6fa24770c0b5116e15086cac0eef3",
      "sha256:3b718ba0e5faaa786329498c3ddd1f31a39d40916c4917291e6acfd58167182e",
      "sha256:a59a4003f162c10058206f0fd5ec05e4d1030e8fbda230f6f0b42db703c16371",
      "sha256:89f9c75983ee64142215a5dff1c459e75215e3d72696be2bca3f0a53aa9e43f6",
      "sha256:771df443516a2356c15c8131a15530298d56fe758a549b0d5ba043230b97c27b",
      "sha256:c109afd4d6c1abf1b28a9330330600663df5510faece89143289667b62421888",
      "sha256:2e113a2f0f9e4b54eb68660951e7cfafe261130d3650f847cb9972cbd5db4ad3",
      "sha256:5f9e53894206f96568decbf765c5f966471a18867721690729b3fb0796791d15",
      "sha256:a784f0b63c62ff219a4a1346e7952ab35224d41ddb24b8994e2867aff6a953de",
      "sha256:ac28be6eb7fe46d7918961ebdece8129922e16619a558a5bd08b19ffed03263e",
      "sha256:d303cbea6cfd2ea12bffb0396031fb686cb04abbbf5733ce84786e8c40e790a2",
      "sha256:56d83821f7733f17b966024b8ce1e2dff652e5f40f170cbb83e8989ea0827d37",
      "sha256:83aa955056ac7ec1af60362e60b95e110f51af03cb0fcf69c24db8f1c4ea0098",
      "sha256:4ced21c225ce29b197864f2aaa0df27ec24a3f0e8baabe5b41ebae4d06841085",
      "sha256:fc35dc5886da434e11be07d923baa16741bc0d7ea0d81fb9989aa8ea96fd0143",
      "sha256:7d4c681ab3b2d5398eb92e63c2a4cb32113ef8fb8ed1e4ee0a30573f027c98c4",
      "sha256:f928a38f2ae75f9897ab94afc6d45641a00633722a1696ca8c43b1720d23455c",
      "sha256:5fca136503f86ecc6cb61fbd17b137d59e56b45c7a5494e6b8fd3cabd4697fbd",
      "sha256:a018ff75e62723d4550177944e5dda61bf2f7753e956258616f011372ccb5e8e",
      "sha256:ad1fe73af6d68ae2b73923e5251cd1faf8bfe49c5a659050a631954488e136e2",
      "sha256:b1c1aa43fc8347d2ec54366078a07674aef9df43e897f42ebced5af534924eb9",
      "sha256:a8e36f2c432d5ea288cbdfc9b8e55174080f0c9778bdd761b40527ad3431a03e",
      "sha256:9feb590b4c1295a0e38b4e9945cc041a8d19d064405a133f92afe79ff0997ee3",
      "sha256:9e98c36568af92dbb388dfec2b36b3f0d76cb1dc284a6bbe06e98b89204b96f4",
      "sha256:b35be2cd913b5e064ec955356cf999a0db27176cc86d33dc7237ff825635d125",
      "sha256:ad2c91b42dd41bfbe567b21d95d3856ba4fcbaf396ba7595c46452abba24a77e",
      "sha256:9ccd59de718ed1026e378049e946202e6f8bf73a2d950246b0f23184182c4738",
      "sha256:86e15c88e8f6f8fa0be278f3c6d13cbdd0a1bb4270b21d06c4362a53f78a6612",
      "sha256:3dba9786966974701578a658d1bb369bf35bdf5f363079f5ac9c4910a39113be",
      "sha256:320d57a3f919c1adf9b35127b9bae8e9e569e5b81cb7676da2ebd3b9937bad46",
      "sha256:af168f67ea58a05664a43104bca81bd57ee8c7a0f292ebe14cd310c469bbfd15",
      "sha256:fb60014874e9ba1885b491ae1302bb7f33be8450231e712883e90ad095930c8a",
      "sha256:41f632c7e7df3ef6345cfebf6ea5a654738c975ffc602424a63ae821d9e467f6",
      "sha256:2aa5056be0b799e7efd5e9af1d8b7a8976eb65f88f47e8e355f90e3fdc6c25dc",
      "sha256:b8ef3cec785d5221af9a9234dc42971bac70b6050ca44446a0b915a1851b4953",
      "sha256:44423d7c43bde9274e1dbc1b00d6bd14ec7cb2572326eeefa9c6dd6fab47930b",
      "sha256:e8230c7633cfdf71155b3c1b1cb73fa34cc600d3465f33dd3642faf11ee8fa63",
      "sha256:8e8465c635b26bc293c7cd324be5ba7a097625739d8a7db587101bb35a0ae3be",
      "sha256:1a2114a79622e1e05fecefa16b8b68636108550726bd3b762098a0a64bc30fbf",
      "sha256:6cb58fc8ee741bef6c8238d77779565778aa031eba65089f5da3ea585a2548de",
      "sha256:58ab46d5652dcbb9a916d44fb6f531b06d5e2fb5dfe5892429f87e56b3e7f807",
      "sha256:b88ee66877ce812eb0c5b26128214885cb593bdaa9e591225192fa2dff7a5e01",
      "sha256:d0359053d4f8299509889d6b3632b06bdc11251b93af8aa4385b08f435316439",
      "sha256:607e6a86c80d4ac10a0666334c3e4e11d0227f27422c638906228ae92b228f44",
      "sha256:5a9b9b9a7cd86388c74ff166b562dd02eadc93d130d603668e8b3b8d9c95456d",
      "sha256:d9531a52ee8c926da3dba2380de068a91c227f23e527d022eba46eb4a175b3e2",
      "sha256:bc4108a85e784347be9b53c6b5478f67d50b0af40634a2adcacef5200c8d0316",
      "sha256:b6624501fa4d9de0d08ed0ed9df5e0fda9f97f360c3326880047cad5e6f4ba1f",
      "sha256:2fcebe2c2d8e7960c8b216b3db8591109486b45b65d846903d5ee7c9796a8152",
      "sha256:afe3c76e25ceda755119008397aa306140f405f293bcefe46c3b11b8aa9df7da",
      "sha256:05ae8f11b8f9012ebebbf179227b010829739c6284e30da5dd3db220ee682f8a",
      "sha256:2ff1912a347792e0be47c7c84aafa687fda78edcdec897c820255c1b5e8baf1f",
      "sha256:836881f08ab290431f5da7521e2ded9f239eb826f06439760de5e5082cc75625",
      "sha256:ca3996fc81d210370754c1581b06bbbee8401e457843558126863833a1497afc",
      "sha256:c06bbaea9a6293e22098cbdbad7abaf1fc23baf3b6d0edd4926cdc7887e7dbf6",
      "sha256:f962fd4d2f69cc2ef25db10f2e62ab65dfc8bb29d01e660db8a284a3ec8fc2be",
      "sha256:8fd87a78cfc7009de8437d67405dece9f25003974c30c0a9eeac2b0b1594b01e",
      "sha256:e484ba7030e41d148db39ad4889cca66c30addbcd0a51c20dab94518e687747a",
      "sha256:15c627666daa32bcaacc02b1c4d00b73967d7e1050c46f5971f78096397810b0",
      "sha256:883be1cc01c81af7f5d5a9cf121bba22cf58a0c8e4fb9285b7d4a1daf8b9eda6",
      "sha256:60e7a736d44e1e7700a24fbb830cbdb3c860ca3c2c714c8d8f461c1bb353d38a"
    ],
    "removedSignatures": [],
    "workTime": 2759842.8,
    "language": "n/a",
    "locale": "en_US",
    "timezone": "America/New_York",
    "branding": [
      "Minecraft 1.7.10",
      "MCP v9.05",
      "FML v7.10.99.99",
      "Minecraft Forge 10.13.4.1448",
      "176 mods loaded, 176 mods active"
    ],
    "runtime": {
      "mcp": "MCP v9.05",
      "fml": "7.10.99.99",
      "forge": "10.13.4.1448"
    },
    "minecraft": "Minecraft 1.7.10",
    "javaVersion": "Oracle Corporation 1.8.0_60",
    "tags": [
      "3.2.7.0",
      "Mainline",
      "RR 3-DEV-089"
    ],
    "side": "server",
    "obfuscated": true,
    "type": "analytics"
  }
]